stack,ind,Cell_Label
stack_1,008_001,1.0
stack_1,074_002,30.0
stack_1,073_005,29.0
stack_1,072_002,29.0
stack_1,071_005,25.0
stack_1,070_015,7.0
stack_1,069_012,11.0
stack_1,068_009,10.0
stack_1,067_009,16.0
stack_1,066_012,13.0
stack_1,065_015,19.0
stack_1,064_015,18.0
stack_1,063_015,19.0
stack_1,062_014,18.0
stack_1,061_016,
stack_1,060_016,13.0
stack_1,059_001,9.0
stack_1,058_012,7.0
stack_1,057_015,14.0
stack_1,056_007,12.0
stack_1,075_002,30.0
stack_1,055_012,7.0
stack_1,077_020,27.0
stack_1,079_003,29.0
stack_1,098_001,7.0
stack_1,097_032,14.0
stack_1,096_006,13.0
stack_1,095_010,19.0
stack_1,094_018,21.0
stack_1,093_011,4.0
stack_1,092_001,8.0
stack_1,091_001,14.0
stack_1,090_002,14.0
stack_1,089_004,12.0
stack_1,088_006,9.0
stack_1,087_002,9.0
stack_1,086_004,15.0
stack_1,085_001,1.0
stack_1,084_005,15.0
stack_1,083_017,12.0
stack_1,082_004,26.0
stack_1,081_002,18.0
stack_1,080_030,
stack_1,078_004,28.0
stack_1,054_011,8.0
stack_1,076_005,21.0
stack_1,052_002,13.0
stack_1,028_003,3.0
stack_1,027_009,5.0
stack_1,026_009,8.0
stack_1,025_009,6.0
stack_1,024_005,7.0
stack_1,023_008,1.0
stack_1,022_007,5.0
stack_1,021_003,4.0
stack_1,019_001,1.0
stack_1,029_005,3.0
stack_1,018_001,4.0
stack_1,016_004,5.0
stack_1,015_007,4.0
stack_1,014_003,6.0
stack_1,013_008,4.0
stack_1,012_003,5.0
stack_1,011_004,5.0
stack_1,010_001,3.0
stack_1,009_001,2.0
stack_1,053_004,7.0
stack_1,017_001,8.0
stack_1,030_005,2.0
stack_1,020_001,8.0
stack_1,031_003,2.0
stack_1,050_010,11.0
stack_1,049_003,15.0
stack_1,048_003,14.0
stack_1,047_009,11.0
stack_1,046_008,12.0
stack_1,045_004,12.0
stack_1,044_002,9.0
stack_1,043_001,11.0
stack_1,042_002,8.0
stack_1,041_005,8.0
stack_1,051_011,16.0
stack_1,039_013,10.0
stack_1,038_001,8.0
stack_1,037_010,10.0
stack_1,036_011,6.0
stack_1,035_006,9.0
stack_1,034_013,7.0
stack_1,033_002,10.0
stack_1,032_009,9.0
stack_1,040_006,7.0
stack_1,078_003,32.0
stack_1,071_012,21.0
stack_1,072_006,26.0
stack_1,073_003,23.0
stack_1,077_003,31.0
stack_1,075_006,28.0
stack_1,076_024,30.0
stack_1,070_006,6.0
stack_1,074_007,27.0
stack_1,069_021,5.0
stack_1,064_010,15.0
stack_1,067_016,21.0
stack_1,066_016,20.0
stack_1,065_016,11.0
stack_1,063_016,9.0
stack_1,062_017,16.0
stack_1,061_018,9.0
stack_1,060_016,13.0
stack_1,059_001,9.0
stack_1,058_012,7.0
stack_1,068_008,2.0
stack_1,079_014,32.0
stack_1,102_002,21.0
stack_1,081_017,24.0
stack_1,057_015,14.0
stack_1,101_014,19.0
stack_1,100_016,26.0
stack_1,099_027,25.0
stack_1,098_004,9.0
stack_1,097_009,20.0
stack_1,096_020,21.0
stack_1,095_003,23.0
stack_1,094_011,16.0
stack_1,093_006,2.0
stack_1,092_008,22.0
stack_1,091_015,28.0
stack_1,090_022,19.0
stack_1,089_017,15.0
stack_1,088_019,13.0
stack_1,087_022,10.0
stack_1,086_024,22.0
stack_1,085_024,5.0
stack_1,084_020,25.0
stack_1,083_003,10.0
stack_1,082_012,32.0
stack_1,080_001,15.0
stack_1,056_007,12.0
stack_1,035_006,9.0
stack_1,054_011,8.0
stack_1,028_003,3.0
stack_1,027_009,5.0
stack_1,026_009,8.0
stack_1,025_009,6.0
stack_1,024_005,7.0
stack_1,023_008,1.0
stack_1,022_007,5.0
stack_1,021_003,4.0
stack_1,020_001,8.0
stack_1,018_001,4.0
stack_1,017_001,8.0
stack_1,016_004,5.0
stack_1,015_007,4.0
stack_1,014_003,6.0
stack_1,013_008,4.0
stack_1,012_003,5.0
stack_1,011_004,5.0
stack_1,010_001,3.0
stack_1,009_001,2.0
stack_1,008_001,1.0
stack_1,055_012,7.0
stack_1,029_005,3.0
stack_1,030_005,2.0
stack_1,019_001,1.0
stack_1,032_009,9.0
stack_1,053_004,7.0
stack_1,031_003,2.0
stack_1,052_002,13.0
stack_1,051_011,16.0
stack_1,050_010,11.0
stack_1,049_003,15.0
stack_1,048_003,14.0
stack_1,046_008,12.0
stack_1,045_004,12.0
stack_1,044_002,9.0
stack_1,043_001,11.0
stack_1,047_009,11.0
stack_1,034_013,7.0
stack_1,041_005,8.0
stack_1,040_006,7.0
stack_1,039_013,10.0
stack_1,038_001,8.0
stack_1,037_010,10.0
stack_1,036_011,6.0
stack_1,042_002,8.0
stack_1,033_002,10.0
stack_1,074_009,19.0
stack_1,075_013,18.0
stack_1,076_007,11.0
stack_1,077_011,18.0
stack_1,081_018,8.0
stack_1,079_008,18.0
stack_1,080_020,11.0
stack_1,082_005,18.0
stack_1,073_004,19.0
stack_1,078_013,15.0
stack_1,072_007,18.0
stack_1,062_013,13.0
stack_1,070_014,20.0
stack_1,069_020,17.0
stack_1,068_015,17.0
stack_1,067_015,19.0
stack_1,066_017,19.0
stack_1,065_012,13.0
stack_1,064_013,16.0
stack_1,063_017,8.0
stack_1,083_010,3.0
stack_1,061_014,6.0
stack_1,071_009,20.0
stack_1,084_026,9.0
stack_1,108_018,24.0
stack_1,086_018,
stack_1,060_011,12.0
stack_1,109_018,15.0
stack_1,107_027,18.0
stack_1,106_013,20.0
stack_1,105_017,26.0
stack_1,104_031,27.0
stack_1,103_026,18.0
stack_1,102_014,5.0
stack_1,101_007,7.0
stack_1,100_010,10.0
stack_1,099_016,15.0
stack_1,098_029,23.0
stack_1,097_004,5.0
stack_1,096_003,8.0
stack_1,095_015,21.0
stack_1,094_026,8.0
stack_1,093_005,19.0
stack_1,092_002,16.0
stack_1,091_004,17.0
stack_1,090_014,6.0
stack_1,089_011,4.0
stack_1,088_015,5.0
stack_1,087_012,4.0
stack_1,085_019,18.0
stack_1,059_014,11.0
stack_1,042_003,7.0
stack_1,057_008,12.0
stack_1,030_003,3.0
stack_1,029_004,6.0
stack_1,028_008,4.0
stack_1,027_003,3.0
stack_1,026_008,7.0
stack_1,025_008,
stack_1,024_005,7.0
stack_1,023_008,1.0
stack_1,022_007,5.0
stack_1,021_003,4.0
stack_1,031_004,5.0
stack_1,020_001,8.0
stack_1,018_001,4.0
stack_1,017_001,8.0
stack_1,016_004,5.0
stack_1,015_007,4.0
stack_1,014_003,6.0
stack_1,013_008,4.0
stack_1,012_003,5.0
stack_1,011_004,5.0
stack_1,010_001,3.0
stack_1,009_001,2.0
stack_1,019_001,1.0
stack_1,032_006,11.0
stack_1,008_001,1.0
stack_1,034_007,6.0
stack_1,033_008,11.0
stack_1,056_005,8.0
stack_1,055_005,5.0
stack_1,054_008,5.0
stack_1,053_008,6.0
stack_1,052_001,12.0
stack_1,051_006,13.0
stack_1,050_014,8.0
stack_1,049_005,12.0
stack_1,048_005,12.0
stack_1,047_008,7.0
stack_1,058_004,9.0
stack_1,045_012,10.0
stack_1,044_014,8.0
stack_1,043_007,6.0
stack_1,035_003,7.0
stack_1,041_002,6.0
stack_1,040_009,6.0
stack_1,039_001,7.0
stack_1,038_009,6.0
stack_1,037_001,9.0
stack_1,036_003,7.0
stack_1,046_007,8.0
stack_1,075_028,27.0
stack_1,076_006,17.0
stack_1,077_017,21.0
stack_1,081_008,10.0
stack_1,079_004,23.0
stack_1,080_016,1.0
stack_1,074_008,26.0
stack_1,082_007,21.0
stack_1,078_002,22.0
stack_1,073_011,24.0
stack_1,069_016,14.0
stack_1,071_004,22.0
stack_1,070_008,14.0
stack_1,083_008,6.0
stack_1,068_014,13.0
stack_1,067_014,18.0
stack_1,066_015,18.0
stack_1,065_014,
stack_1,064_017,20.0
stack_1,063_018,13.0
stack_1,062_013,13.0
stack_1,061_014,6.0
stack_1,072_008,24.0
stack_1,084_021,8.0
stack_1,089_018,5.0
stack_1,086_011,
stack_1,109_003,24.0
stack_1,060_011,12.0
stack_1,108_030,41.0
stack_1,107_012,24.0
stack_1,106_032,24.0
stack_1,105_002,23.0
stack_1,104_032,29.0
stack_1,103_001,28.0
stack_1,102_019,6.0
stack_1,101_005,13.0
stack_1,085_029,9.0
stack_1,100_027,12.0
stack_1,098_022,21.0
stack_1,097_028,4.0
stack_1,095_024,26.0
stack_1,094_004,14.0
stack_1,093_019,14.0
stack_1,092_011,10.0
stack_1,091_017,15.0
stack_1,090_007,7.0
stack_1,088_003,2.0
stack_1,087_006,3.0
stack_1,099_010,23.0
stack_1,096_004,4.0
stack_1,059_014,11.0
stack_1,057_008,12.0
stack_1,029_004,6.0
stack_1,028_008,4.0
stack_1,027_003,3.0
stack_1,026_008,7.0
stack_1,025_008,
stack_1,024_005,7.0
stack_1,023_008,1.0
stack_1,022_007,5.0
stack_1,021_003,4.0
stack_1,019_001,1.0
stack_1,030_003,3.0
stack_1,018_001,4.0
stack_1,016_004,5.0
stack_1,015_007,4.0
stack_1,014_003,6.0
stack_1,013_008,4.0
stack_1,012_003,5.0
stack_1,011_004,5.0
stack_1,010_001,3.0
stack_1,009_001,2.0
stack_1,008_001,1.0
stack_1,058_004,9.0
stack_1,017_001,8.0
stack_1,031_004,5.0
stack_1,020_001,8.0
stack_1,033_008,11.0
stack_1,032_006,11.0
stack_1,055_005,5.0
stack_1,054_008,5.0
stack_1,053_008,6.0
stack_1,052_001,12.0
stack_1,051_006,13.0
stack_1,050_014,8.0
stack_1,049_005,12.0
stack_1,048_005,12.0
stack_1,047_008,7.0
stack_1,046_007,8.0
stack_1,045_012,10.0
stack_1,056_005,8.0
stack_1,034_007,6.0
stack_1,043_007,6.0
stack_1,042_003,7.0
stack_1,041_002,6.0
stack_1,040_009,6.0
stack_1,039_001,7.0
stack_1,038_009,6.0
stack_1,037_001,9.0
stack_1,036_003,7.0
stack_1,035_003,7.0
stack_1,044_014,8.0
stack_1,075_007,17.0
stack_1,076_031,13.0
stack_1,077_022,24.0
stack_1,078_026,19.0
stack_1,083_006,1.0
stack_1,080_027,
stack_1,081_032,12.0
stack_1,082_017,22.0
stack_1,074_021,15.0
stack_1,079_026,22.0
stack_1,073_013,16.0
stack_1,067_017,24.0
stack_1,071_007,26.0
stack_1,070_013,22.0
stack_1,069_015,19.0
stack_1,068_019,14.0
stack_1,066_005,22.0
stack_1,065_004,8.0
stack_1,064_008,17.0
stack_1,063_010,
stack_1,062_010,17.0
stack_1,061_012,14.0
stack_1,072_012,14.0
stack_1,084_029,12.0
stack_1,060_012,16.0
stack_1,086_021,32.0
stack_1,109_002,14.0
stack_1,108_006,16.0
stack_1,107_002,14.0
stack_1,106_001,15.0
stack_1,105_010,22.0
stack_1,104_007,28.0
stack_1,103_014,13.0
stack_1,102_006,3.0
stack_1,101_004,5.0
stack_1,100_019,9.0
stack_1,099_006,14.0
stack_1,098_032,25.0
stack_1,097_019,3.0
stack_1,096_013,6.0
stack_1,095_031,32.0
stack_1,094_022,4.0
stack_1,093_022,11.0
stack_1,092_031,18.0
stack_1,091_012,23.0
stack_1,090_018,4.0
stack_1,089_007,1.0
stack_1,088_017,1.0
stack_1,087_007,1.0
stack_1,085_032,12.0
stack_1,059_013,13.0
stack_1,037_014,16.0
stack_1,057_009,16.0
stack_1,030_002,1.0
stack_1,029_002,7.0
stack_1,028_005,1.0
stack_1,027_010,10.0
stack_1,026_007,6.0
stack_1,025_007,8.0
stack_1,024_007,5.0
stack_1,023_006,2.0
stack_1,022_004,3.0
stack_1,020_005,7.0
stack_1,031_009,1.0
stack_1,019_004,3.0
stack_1,017_006,5.0
stack_1,016_003,3.0
stack_1,015_001,8.0
stack_1,014_001,3.0
stack_1,013_006,3.0
stack_1,012_002,8.0
stack_1,011_003,3.0
stack_1,010_003,5.0
stack_1,009_007,6.0
stack_1,008_002,5.0
stack_1,018_003,8.0
stack_1,032_011,14.0
stack_1,021_002,8.0
stack_1,034_004,14.0
stack_1,033_003,6.0
stack_1,055_013,13.0
stack_1,054_015,11.0
stack_1,053_012,10.0
stack_1,052_007,16.0
stack_1,051_013,10.0
stack_1,050_004,16.0
stack_1,049_010,16.0
stack_1,048_009,16.0
stack_1,047_004,8.0
stack_1,046_002,9.0
stack_1,056_013,16.0
stack_1,044_009,4.0
stack_1,045_013,16.0
stack_1,036_014,15.0
stack_1,058_009,14.0
stack_1,038_010,1.0
stack_1,039_012,16.0
stack_1,035_015,5.0
stack_1,041_004,11.0
stack_1,042_010,12.0
stack_1,043_006,1.0
stack_1,040_008,2.0
stack_1,073_026,13.0
stack_1,081_028,25.0
stack_1,080_008,24.0
stack_1,079_017,27.0
stack_1,078_015,29.0
stack_1,077_007,29.0
stack_1,076_016,25.0
stack_1,082_013,30.0
stack_1,075_029,16.0
stack_1,074_027,18.0
stack_1,072_018,17.0
stack_1,067_020,22.0
stack_1,070_022,
stack_1,069_017,8.0
stack_1,068_022,4.0
stack_1,066_005,22.0
stack_1,065_004,8.0
stack_1,064_008,17.0
stack_1,063_010,
stack_1,062_010,17.0
stack_1,061_012,14.0
stack_1,083_022,5.0
stack_1,071_017,24.0
stack_1,084_032,27.0
stack_1,109_007,12.0
stack_1,086_032,29.0
stack_1,060_012,16.0
stack_1,108_028,9.0
stack_1,107_010,12.0
stack_1,106_006,7.0
stack_1,105_007,7.0
stack_1,104_016,18.0
stack_1,103_020,9.0
stack_1,102_010,15.0
stack_1,101_010,12.0
stack_1,100_011,17.0
stack_1,099_026,13.0
stack_1,098_019,19.0
stack_1,097_012,13.0
stack_1,096_008,19.0
stack_1,095_032,28.0
stack_1,094_023,7.0
stack_1,093_024,5.0
stack_1,092_017,26.0
stack_1,091_032,30.0
stack_1,090_025,15.0
stack_1,089_009,11.0
stack_1,088_012,7.0
stack_1,087_018,7.0
stack_1,085_016,8.0
stack_1,059_013,13.0
stack_1,058_009,14.0
stack_1,057_009,16.0
stack_1,030_002,1.0
stack_1,029_002,7.0
stack_1,028_005,1.0
stack_1,027_010,10.0
stack_1,026_007,6.0
stack_1,025_007,8.0
stack_1,024_007,5.0
stack_1,023_006,2.0
stack_1,022_004,3.0
stack_1,021_002,8.0
stack_1,031_009,1.0
stack_1,020_005,7.0
stack_1,018_003,8.0
stack_1,017_006,5.0
stack_1,016_003,3.0
stack_1,015_001,8.0
stack_1,014_001,3.0
stack_1,013_006,3.0
stack_1,012_002,8.0
stack_1,011_003,3.0
stack_1,010_003,5.0
stack_1,009_007,6.0
stack_1,019_004,3.0
stack_1,032_011,14.0
stack_1,008_002,5.0
stack_1,034_004,14.0
stack_1,033_003,6.0
stack_1,056_013,16.0
stack_1,055_013,13.0
stack_1,054_015,11.0
stack_1,053_012,10.0
stack_1,052_007,16.0
stack_1,051_013,10.0
stack_1,049_010,16.0
stack_1,048_009,16.0
stack_1,047_004,8.0
stack_1,046_002,9.0
stack_1,050_004,16.0
stack_1,044_009,4.0
stack_1,043_006,1.0
stack_1,042_010,12.0
stack_1,035_015,5.0
stack_1,041_004,11.0
stack_1,040_008,2.0
stack_1,039_012,16.0
stack_1,038_010,1.0
stack_1,037_014,16.0
stack_1,036_014,15.0
stack_1,045_013,16.0
stack_1,072_014,23.0
stack_1,073_018,21.0
stack_1,074_013,23.0
stack_1,079_023,26.0
stack_1,076_008,24.0
stack_1,077_016,26.0
stack_1,078_025,26.0
stack_1,071_021,18.0
stack_1,075_011,23.0
stack_1,070_009,5.0
stack_1,106_009,14.0
stack_1,068_013,6.0
stack_1,067_010,14.0
stack_1,066_010,12.0
stack_1,065_013,10.0
stack_1,064_011,10.0
stack_1,063_013,15.0
stack_1,062_016,12.0
stack_1,061_017,12.0
stack_1,060_014,10.0
stack_1,080_022,13.0
stack_1,069_007,4.0
stack_1,081_020,23.0
stack_1,093_009,9.0
stack_1,083_011,19.0
stack_1,059_012,10.0
stack_1,105_032,11.0
stack_1,104_001,15.0
stack_1,103_002,23.0
stack_1,102_022,24.0
stack_1,101_009,25.0
stack_1,100_014,25.0
stack_1,099_028,26.0
stack_1,098_016,10.0
stack_1,097_002,24.0
stack_1,082_016,25.0
stack_1,096_011,23.0
stack_1,094_031,24.0
stack_1,092_003,14.0
stack_1,091_021,18.0
stack_1,090_003,24.0
stack_1,089_026,21.0
stack_1,088_014,18.0
stack_1,087_009,18.0
stack_1,086_003,13.0
stack_1,085_021,7.0
stack_1,084_009,22.0
stack_1,095_006,14.0
stack_1,058_002,12.0
stack_1,054_013,14.0
stack_1,056_003,15.0
stack_1,029_003,4.0
stack_1,028_006,5.0
stack_1,027_007,9.0
stack_1,026_005,
stack_1,025_007,8.0
stack_1,024_007,5.0
stack_1,023_006,2.0
stack_1,022_004,3.0
stack_1,021_002,8.0
stack_1,020_005,7.0
stack_1,019_004,3.0
stack_1,018_003,8.0
stack_1,017_006,5.0
stack_1,016_003,3.0
stack_1,015_001,8.0
stack_1,014_001,3.0
stack_1,013_006,3.0
stack_1,012_002,8.0
stack_1,011_003,3.0
stack_1,010_003,5.0
stack_1,009_007,6.0
stack_1,030_006,5.0
stack_1,031_002,3.0
stack_1,008_002,5.0
stack_1,033_006,4.0
stack_1,032_005,4.0
stack_1,055_002,14.0
stack_1,053_010,14.0
stack_1,052_005,15.0
stack_1,051_003,8.0
stack_1,050_009,15.0
stack_1,049_014,14.0
stack_1,048_001,15.0
stack_1,047_011,13.0
stack_1,046_003,13.0
stack_1,045_011,14.0
stack_1,057_003,13.0
stack_1,043_008,8.0
stack_1,042_004,14.0
stack_1,041_008,14.0
stack_1,040_014,11.0
stack_1,039_003,12.0
stack_1,038_004,10.0
stack_1,037_006,12.0
stack_1,036_001,10.0
stack_1,035_002,15.0
stack_1,034_010,11.0
stack_1,044_010,11.0
stack_1,071_013,17.0
stack_1,072_005,22.0
stack_1,073_014,17.0
stack_1,077_005,30.0
stack_1,075_016,21.0
stack_1,076_017,31.0
stack_1,070_007,4.0
stack_1,074_012,22.0
stack_1,069_009,2.0
stack_1,065_011,4.0
stack_1,067_007,17.0
stack_1,066_014,15.0
stack_1,078_014,31.0
stack_1,064_014,7.0
stack_1,063_014,6.0
stack_1,062_015,15.0
stack_1,061_015,17.0
stack_1,060_014,10.0
stack_1,059_012,10.0
stack_1,058_002,12.0
stack_1,068_012,1.0
stack_1,079_013,30.0
stack_1,085_009,4.0
stack_1,081_031,31.0
stack_1,057_003,13.0
stack_1,103_033,12.0
stack_1,102_023,29.0
stack_1,101_008,27.0
stack_1,100_006,28.0
stack_1,099_013,21.0
stack_1,098_008,6.0
stack_1,097_013,29.0
stack_1,096_018,30.0
stack_1,095_020,20.0
stack_1,094_013,19.0
stack_1,093_007,1.0
stack_1,092_005,27.0
stack_1,090_015,29.0
stack_1,089_013,28.0
stack_1,088_025,26.0
stack_1,087_023,20.0
stack_1,086_016,20.0
stack_1,084_023,31.0
stack_1,083_013,20.0
stack_1,082_015,31.0
stack_1,080_015,30.0
stack_1,091_026,32.0
stack_1,056_003,15.0
stack_1,054_013,14.0
stack_1,028_006,5.0
stack_1,027_007,9.0
stack_1,026_005,
stack_1,025_007,8.0
stack_1,024_007,5.0
stack_1,023_006,2.0
stack_1,022_004,3.0
stack_1,021_002,8.0
stack_1,020_005,7.0
stack_1,018_003,8.0
stack_1,017_006,5.0
stack_1,016_003,3.0
stack_1,015_001,8.0
stack_1,014_001,3.0
stack_1,013_006,3.0
stack_1,012_002,8.0
stack_1,011_003,3.0
stack_1,010_003,5.0
stack_1,009_007,6.0
stack_1,008_002,5.0
stack_1,055_002,14.0
stack_1,029_003,4.0
stack_1,030_006,5.0
stack_1,019_004,3.0
stack_1,032_005,4.0
stack_1,053_010,14.0
stack_1,031_002,3.0
stack_1,052_005,15.0
stack_1,051_003,8.0
stack_1,050_009,15.0
stack_1,049_014,14.0
stack_1,048_001,15.0
stack_1,046_003,13.0
stack_1,045_011,14.0
stack_1,044_010,11.0
stack_1,043_008,8.0
stack_1,047_011,13.0
stack_1,034_010,11.0
stack_1,041_008,14.0
stack_1,040_014,11.0
stack_1,039_003,12.0
stack_1,038_004,10.0
stack_1,037_006,12.0
stack_1,036_001,10.0
stack_1,035_002,15.0
stack_1,042_004,14.0
stack_1,033_006,4.0
stack_1,074_014,5.0
stack_1,075_020,5.0
stack_1,076_014,12.0
stack_1,077_024,14.0
stack_1,082_019,13.0
stack_1,079_019,9.0
stack_1,080_021,17.0
stack_1,081_027,17.0
stack_1,073_006,7.0
stack_1,078_005,10.0
stack_1,072_011,5.0
stack_1,062_005,7.0
stack_1,070_017,21.0
stack_1,069_010,16.0
stack_1,068_023,16.0
stack_1,067_077,15.0
stack_1,066_078,14.0
stack_1,065_017,6.0
stack_1,064_016,12.0
stack_1,063_001,1.0
stack_1,061_008,8.0
stack_1,083_007,9.0
stack_1,071_006,12.0
stack_1,084_024,21.0
stack_1,108_029,11.0
stack_1,086_006,
stack_1,060_003,14.0
stack_1,109_033,9.0
stack_1,107_018,9.0
stack_1,106_011,12.0
stack_1,105_024,
stack_1,104_026,21.0
stack_1,103_015,11.0
stack_1,102_007,13.0
stack_1,101_001,10.0
stack_1,100_008,13.0
stack_1,099_012,7.0
stack_1,098_020,26.0
stack_1,097_001,15.0
stack_1,096_010,17.0
stack_1,095_014,24.0
stack_1,094_008,10.0
stack_1,093_013,22.0
stack_1,092_013,24.0
stack_1,091_003,22.0
stack_1,090_004,12.0
stack_1,089_014,13.0
stack_1,088_008,16.0
stack_1,087_004,15.0
stack_1,085_027,27.0
stack_1,059_007,16.0
stack_1,046_004,1.0
stack_1,057_004,10.0
stack_1,029_012,11.0
stack_1,028_010,2.0
stack_1,027_004,7.0
stack_1,026_001,3.0
stack_1,025_005,7.0
stack_1,024_003,3.0
stack_1,023_005,3.0
stack_1,022_002,1.0
stack_1,021_006,7.0
stack_1,020_007,6.0
stack_1,030_004,6.0
stack_1,019_003,2.0
stack_1,017_003,7.0
stack_1,016_002,8.0
stack_1,015_003,7.0
stack_1,014_006,9.0
stack_1,013_002,8.0
stack_1,012_008,7.0
stack_1,011_007,8.0
stack_1,010_007,7.0
stack_1,009_004,5.0
stack_1,008_008,2.0
stack_1,018_005,6.0
stack_1,031_007,6.0
stack_1,058_015,13.0
stack_1,033_007,9.0
stack_1,055_007,9.0
stack_1,054_003,6.0
stack_1,053_006,4.0
stack_1,052_008,6.0
stack_1,051_001,4.0
stack_1,050_005,5.0
stack_1,049_013,7.0
stack_1,048_011,7.0
stack_1,047_005,1.0
stack_1,032_002,12.0
stack_1,045_007,9.0
stack_1,056_011,5.0
stack_1,043_003,3.0
stack_1,042_001,4.0
stack_1,041_001,4.0
stack_1,040_002,1.0
stack_1,039_009,13.0
stack_1,038_003,2.0
stack_1,037_007,13.0
stack_1,036_009,8.0
stack_1,035_001,2.0
stack_1,034_011,12.0
stack_1,044_005,1.0
stack_1,075_003,1.0
stack_1,076_001,15.0
stack_1,077_010,15.0
stack_1,078_001,11.0
stack_1,083_001,7.0
stack_1,080_004,20.0
stack_1,081_004,19.0
stack_1,082_001,12.0
stack_1,074_006,2.0
stack_1,079_002,8.0
stack_1,073_001,1.0
stack_1,067_019,23.0
stack_1,070_004,24.0
stack_1,069_014,13.0
stack_1,068_011,15.0
stack_1,066_021,21.0
stack_1,065_017,6.0
stack_1,064_016,12.0
stack_1,063_001,1.0
stack_1,062_005,7.0
stack_1,061_008,8.0
stack_1,084_016,20.0
stack_1,072_003,1.0
stack_1,085_004,25.0
stack_1,097_003,10.0
stack_1,087_001,8.0
stack_1,109_036,1.0
stack_1,108_008,3.0
stack_1,107_020,1.0
stack_1,106_003,4.0
stack_1,105_006,14.0
stack_1,104_011,13.0
stack_1,103_005,1.0
stack_1,102_001,10.0
stack_1,101_011,1.0
stack_1,100_003,6.0
stack_1,086_008,
stack_1,099_015,1.0
stack_1,060_003,14.0
stack_1,096_001,15.0
stack_1,095_019,30.0
stack_1,094_001,1.0
stack_1,093_001,13.0
stack_1,092_012,29.0
stack_1,091_011,26.0
stack_1,090_009,10.0
stack_1,089_001,7.0
stack_1,088_001,8.0
stack_1,098_017,31.0
stack_1,059_007,16.0
stack_1,071_011,11.0
stack_1,057_004,10.0
stack_1,030_004,6.0
stack_1,029_012,11.0
stack_1,028_010,2.0
stack_1,027_004,7.0
stack_1,026_001,3.0
stack_1,025_005,7.0
stack_1,024_003,3.0
stack_1,023_005,3.0
stack_1,022_002,1.0
stack_1,021_006,7.0
stack_1,020_007,6.0
stack_1,019_003,2.0
stack_1,018_005,6.0
stack_1,017_003,7.0
stack_1,016_002,8.0
stack_1,015_003,7.0
stack_1,014_006,9.0
stack_1,013_002,8.0
stack_1,012_008,7.0
stack_1,011_007,8.0
stack_1,010_007,7.0
stack_1,009_004,5.0
stack_1,058_015,13.0
stack_1,031_007,6.0
stack_1,032_002,12.0
stack_1,008_008,2.0
stack_1,034_011,12.0
stack_1,033_007,9.0
stack_1,055_007,9.0
stack_1,054_003,6.0
stack_1,053_006,4.0
stack_1,052_008,6.0
stack_1,051_001,4.0
stack_1,050_005,5.0
stack_1,049_013,7.0
stack_1,048_011,7.0
stack_1,047_005,1.0
stack_1,046_004,1.0
stack_1,056_011,5.0
stack_1,045_007,9.0
stack_1,044_005,1.0
stack_1,043_003,3.0
stack_1,042_001,4.0
stack_1,041_001,4.0
stack_1,040_002,1.0
stack_1,039_009,13.0
stack_1,038_003,2.0
stack_1,037_007,13.0
stack_1,036_009,8.0
stack_1,035_001,2.0
stack_1,074_024,12.0
stack_1,075_023,13.0
stack_1,076_003,14.0
stack_1,077_008,23.0
stack_1,082_011,17.0
stack_1,079_015,17.0
stack_1,080_005,
stack_1,081_007,15.0
stack_1,078_022,17.0
stack_1,073_025,10.0
stack_1,068_003,9.0
stack_1,109_013,6.0
stack_1,070_025,15.0
stack_1,069_005,9.0
stack_1,061_010,16.0
stack_1,067_004,20.0
stack_1,066_002,17.0
stack_1,065_001,3.0
stack_1,064_006,8.0
stack_1,063_008,
stack_1,062_009,14.0
stack_1,083_024,2.0
stack_1,072_022,11.0
stack_1,084_010,18.0
stack_1,096_019,11.0
stack_1,086_020,23.0
stack_1,060_008,11.0
stack_1,108_009,7.0
stack_1,107_009,7.0
stack_1,106_004,8.0
stack_1,105_016,10.0
stack_1,104_015,22.0
stack_1,103_009,6.0
stack_1,102_003,4.0
stack_1,101_006,3.0
stack_1,100_005,8.0
stack_1,085_022,22.0
stack_1,099_005,6.0
stack_1,097_005,7.0
stack_1,095_030,31.0
stack_1,094_005,2.0
stack_1,093_015,17.0
stack_1,092_014,25.0
stack_1,091_018,24.0
stack_1,090_011,8.0
stack_1,089_010,6.0
stack_1,088_009,6.0
stack_1,087_016,2.0
stack_1,098_024,29.0
stack_1,059_002,15.0
stack_1,071_019,23.0
stack_1,057_013,15.0
stack_1,029_009,10.0
stack_1,028_010,2.0
stack_1,027_004,7.0
stack_1,026_001,3.0
stack_1,025_005,7.0
stack_1,024_003,3.0
stack_1,023_005,3.0
stack_1,022_002,1.0
stack_1,021_006,7.0
stack_1,020_007,6.0
stack_1,030_007,4.0
stack_1,019_003,2.0
stack_1,017_003,7.0
stack_1,016_002,8.0
stack_1,015_003,7.0
stack_1,014_006,9.0
stack_1,013_002,8.0
stack_1,012_008,7.0
stack_1,011_007,8.0
stack_1,010_007,7.0
stack_1,009_004,5.0
stack_1,008_008,2.0
stack_1,018_005,6.0
stack_1,031_005,4.0
stack_1,058_013,15.0
stack_1,033_004,3.0
stack_1,032_012,7.0
stack_1,055_006,15.0
stack_1,054_002,13.0
stack_1,053_005,12.0
stack_1,052_014,14.0
stack_1,051_005,5.0
stack_1,050_001,14.0
stack_1,049_011,13.0
stack_1,048_015,13.0
stack_1,047_001,6.0
stack_1,046_009,6.0
stack_1,056_010,14.0
stack_1,044_004,3.0
stack_1,045_006,15.0
stack_1,035_008,8.0
stack_1,036_013,14.0
stack_1,037_013,15.0
stack_1,038_002,3.0
stack_1,034_015,15.0
stack_1,040_001,4.0
stack_1,041_011,13.0
stack_1,042_009,13.0
stack_1,043_002,4.0
stack_1,039_002,15.0
stack_1,073_020,6.0
stack_1,081_024,28.0
stack_1,080_014,26.0
stack_1,079_022,24.0
stack_1,078_012,24.0
stack_1,077_019,28.0
stack_1,076_009,27.0
stack_1,075_017,11.0
stack_1,074_017,14.0
stack_1,082_031,28.0
stack_1,067_004,20.0
stack_1,070_025,15.0
stack_1,069_005,9.0
stack_1,068_003,9.0
stack_1,066_002,17.0
stack_1,065_001,3.0
stack_1,064_006,8.0
stack_1,063_008,
stack_1,062_009,14.0
stack_1,061_010,16.0
stack_1,083_032,11.0
stack_1,072_023,7.0
stack_1,084_031,29.0
stack_1,096_025,24.0
stack_1,086_015,28.0
stack_1,109_015,5.0
stack_1,108_001,1.0
stack_1,107_008,4.0
stack_1,106_002,1.0
stack_1,105_009,
stack_1,104_010,8.0
stack_1,103_004,3.0
stack_1,102_026,18.0
stack_1,101_016,11.0
stack_1,100_017,18.0
stack_1,099_021,10.0
stack_1,098_010,20.0
stack_1,097_026,19.0
stack_1,060_008,11.0
stack_1,095_009,29.0
stack_1,094_029,6.0
stack_1,093_012,8.0
stack_1,092_023,
stack_1,091_013,31.0
stack_1,090_023,20.0
stack_1,089_020,16.0
stack_1,088_026,15.0
stack_1,087_026,11.0
stack_1,085_003,15.0
stack_1,059_002,15.0
stack_1,071_020,16.0
stack_1,057_013,15.0
stack_1,029_009,10.0
stack_1,028_010,2.0
stack_1,027_004,7.0
stack_1,026_001,3.0
stack_1,025_005,7.0
stack_1,024_003,3.0
stack_1,023_005,3.0
stack_1,022_002,1.0
stack_1,021_006,7.0
stack_1,020_007,6.0
stack_1,030_007,4.0
stack_1,019_003,2.0
stack_1,017_003,7.0
stack_1,016_002,8.0
stack_1,015_003,7.0
stack_1,014_006,9.0
stack_1,013_002,8.0
stack_1,012_008,7.0
stack_1,011_007,8.0
stack_1,010_007,7.0
stack_1,009_004,5.0
stack_1,008_008,2.0
stack_1,018_005,6.0
stack_1,031_005,4.0
stack_1,058_013,15.0
stack_1,033_004,3.0
stack_1,056_010,14.0
stack_1,055_006,15.0
stack_1,054_002,13.0
stack_1,053_005,12.0
stack_1,052_014,14.0
stack_1,051_005,5.0
stack_1,032_012,7.0
stack_1,049_011,13.0
stack_1,048_015,13.0
stack_1,047_001,6.0
stack_1,046_009,6.0
stack_1,050_001,14.0
stack_1,044_004,3.0
stack_1,045_006,15.0
stack_1,035_008,8.0
stack_1,036_013,14.0
stack_1,037_013,15.0
stack_1,038_002,3.0
stack_1,034_015,15.0
stack_1,040_001,4.0
stack_1,041_011,13.0
stack_1,042_009,13.0
stack_1,043_002,4.0
stack_1,039_002,15.0
stack_1,082_028,16.0
stack_1,081_019,26.0
stack_1,080_026,
stack_1,079_028,14.0
stack_1,078_029,16.0
stack_1,077_029,13.0
stack_1,076_022,20.0
stack_1,075_025,12.0
stack_1,074_025,13.0
stack_1,073_023,8.0
stack_1,061_003,11.0
stack_1,071_016,2.0
stack_1,070_005,13.0
stack_1,069_003,12.0
stack_1,068_007,12.0
stack_1,067_006,4.0
stack_1,066_007,4.0
stack_1,065_006,5.0
stack_1,064_009,3.0
stack_1,063_004,4.0
stack_1,062_012,2.0
stack_1,083_018,28.0
stack_1,072_027,10.0
stack_1,084_025,24.0
stack_1,096_031,27.0
stack_1,086_029,10.0
stack_1,060_015,4.0
stack_1,108_027,12.0
stack_1,107_035,15.0
stack_1,106_024,18.0
stack_1,105_029,13.0
stack_1,104_025,6.0
stack_1,103_031,15.0
stack_1,102_021,28.0
stack_1,101_027,23.0
stack_1,100_030,22.0
stack_1,085_020,17.0
stack_1,099_030,18.0
stack_1,097_008,28.0
stack_1,095_027,10.0
stack_1,094_032,23.0
stack_1,093_032,21.0
stack_1,092_030,23.0
stack_1,091_027,19.0
stack_1,090_030,28.0
stack_1,089_032,29.0
stack_1,088_032,28.0
stack_1,087_032,28.0
stack_1,098_018,13.0
stack_1,109_029,19.0
stack_1,059_011,8.0
stack_1,057_005,3.0
stack_1,029_010,
stack_1,028_004,7.0
stack_1,027_006,4.0
stack_1,026_003,2.0
stack_1,025_006,2.0
stack_1,024_001,2.0
stack_1,023_003,6.0
stack_1,022_006,6.0
stack_1,021_004,2.0
stack_1,020_004,3.0
stack_1,030_010,14.0
stack_1,019_002,5.0
stack_1,017_008,4.0
stack_1,016_006,7.0
stack_1,015_008,2.0
stack_1,014_002,8.0
stack_1,013_003,6.0
stack_1,012_004,1.0
stack_1,011_002,7.0
stack_1,010_005,4.0
stack_1,009_002,4.0
stack_1,008_003,4.0
stack_1,018_006,2.0
stack_1,031_011,15.0
stack_1,058_008,10.0
stack_1,033_005,8.0
stack_1,032_007,5.0
stack_1,055_016,12.0
stack_1,054_007,10.0
stack_1,053_016,9.0
stack_1,052_009,4.0
stack_1,051_015,2.0
stack_1,050_007,7.0
stack_1,049_004,3.0
stack_1,048_012,3.0
stack_1,047_014,5.0
stack_1,046_016,4.0
stack_1,056_015,6.0
stack_1,044_008,6.0
stack_1,045_010,6.0
stack_1,035_007,11.0
stack_1,036_007,9.0
stack_1,037_012,6.0
stack_1,038_014,9.0
stack_1,034_006,8.0
stack_1,040_003,9.0
stack_1,041_016,7.0
stack_1,042_014,6.0
stack_1,043_016,7.0
stack_1,039_015,8.0
stack_1,073_015,11.0
stack_1,081_025,16.0
stack_1,080_023,8.0
stack_1,079_012,6.0
stack_1,078_008,6.0
stack_1,077_006,2.0
stack_1,076_011,10.0
stack_1,075_014,6.0
stack_1,074_016,6.0
stack_1,082_014,4.0
stack_1,067_006,4.0
stack_1,070_005,13.0
stack_1,069_003,12.0
stack_1,068_007,12.0
stack_1,066_007,4.0
stack_1,065_006,5.0
stack_1,064_009,3.0
stack_1,063_004,4.0
stack_1,062_012,2.0
stack_1,061_003,11.0
stack_1,083_014,31.0
stack_1,072_024,15.0
stack_1,084_014,16.0
stack_1,096_015,20.0
stack_1,086_013,3.0
stack_1,109_005,20.0
stack_1,108_013,20.0
stack_1,107_029,19.0
stack_1,106_018,22.0
stack_1,105_012,17.0
stack_1,104_030,10.0
stack_1,103_019,17.0
stack_1,102_027,22.0
stack_1,101_015,21.0
stack_1,100_026,15.0
stack_1,099_011,11.0
stack_1,098_007,15.0
stack_1,097_016,21.0
stack_1,060_015,4.0
stack_1,095_016,2.0
stack_1,094_030,26.0
stack_1,093_023,24.0
stack_1,092_025,
stack_1,091_014,8.0
stack_1,090_005,21.0
stack_1,089_005,27.0
stack_1,088_013,
stack_1,087_027,26.0
stack_1,085_017,23.0
stack_1,059_011,8.0
stack_1,071_016,2.0
stack_1,057_005,3.0
stack_1,029_010,
stack_1,028_004,7.0
stack_1,027_006,4.0
stack_1,026_003,2.0
stack_1,025_006,2.0
stack_1,024_001,2.0
stack_1,023_003,6.0
stack_1,022_006,6.0
stack_1,021_004,2.0
stack_1,020_004,3.0
stack_1,030_010,14.0
stack_1,019_002,5.0
stack_1,017_008,4.0
stack_1,016_006,7.0
stack_1,015_008,2.0
stack_1,014_002,8.0
stack_1,013_003,6.0
stack_1,012_004,1.0
stack_1,011_002,7.0
stack_1,010_005,4.0
stack_1,009_002,4.0
stack_1,008_003,4.0
stack_1,018_006,2.0
stack_1,031_011,15.0
stack_1,058_008,10.0
stack_1,033_005,8.0
stack_1,056_015,6.0
stack_1,055_016,12.0
stack_1,054_007,10.0
stack_1,053_016,9.0
stack_1,052_009,4.0
stack_1,051_015,2.0
stack_1,032_007,5.0
stack_1,049_004,3.0
stack_1,048_012,3.0
stack_1,047_014,5.0
stack_1,046_016,4.0
stack_1,050_007,7.0
stack_1,044_008,6.0
stack_1,045_010,6.0
stack_1,035_007,11.0
stack_1,036_007,9.0
stack_1,037_012,6.0
stack_1,038_014,9.0
stack_1,034_006,8.0
stack_1,040_003,9.0
stack_1,041_016,7.0
stack_1,042_014,6.0
stack_1,043_016,7.0
stack_1,039_015,8.0
stack_1,081_014,13.0
stack_1,080_029,
stack_1,079_016,2.0
stack_1,078_017,4.0
stack_1,077_023,5.0
stack_1,076_028,9.0
stack_1,075_004,2.0
stack_1,074_019,3.0
stack_1,073_022,3.0
stack_1,072_020,2.0
stack_1,060_006,5.0
stack_1,070_018,
stack_1,069_025,20.0
stack_1,068_025,23.0
stack_1,067_075,2.0
stack_1,066_008,5.0
stack_1,065_003,12.0
stack_1,064_001,6.0
stack_1,063_005,2.0
stack_1,062_003,1.0
stack_1,061_002,4.0
stack_1,082_029,3.0
stack_1,071_024,3.0
stack_1,083_023,22.0
stack_1,096_021,16.0
stack_1,085_030,31.0
stack_1,059_015,7.0
stack_1,108_037,8.0
stack_1,107_001,3.0
stack_1,106_005,17.0
stack_1,105_004,12.0
stack_1,104_024,9.0
stack_1,103_011,5.0
stack_1,102_018,17.0
stack_1,101_025,14.0
stack_1,100_018,11.0
stack_1,099_022,4.0
stack_1,098_012,22.0
stack_1,097_020,16.0
stack_1,095_025,15.0
stack_1,094_019,12.0
stack_1,093_004,25.0
stack_1,092_027,12.0
stack_1,091_030,
stack_1,090_006,16.0
stack_1,089_021,18.0
stack_1,088_010,20.0
stack_1,087_017,
stack_1,086_019,
stack_1,084_022,14.0
stack_1,109_008,4.0
stack_1,058_003,4.0
stack_1,056_006,1.0
stack_1,029_006,9.0
stack_1,028_004,7.0
stack_1,027_006,4.0
stack_1,026_003,2.0
stack_1,025_006,2.0
stack_1,024_001,2.0
stack_1,023_003,6.0
stack_1,022_006,6.0
stack_1,021_004,2.0
stack_1,020_004,3.0
stack_1,030_009,15.0
stack_1,019_002,5.0
stack_1,017_008,4.0
stack_1,016_006,7.0
stack_1,015_008,2.0
stack_1,014_002,8.0
stack_1,013_003,6.0
stack_1,012_004,1.0
stack_1,011_002,7.0
stack_1,010_005,4.0
stack_1,009_002,4.0
stack_1,008_003,4.0
stack_1,018_006,2.0
stack_1,031_008,14.0
stack_1,057_006,1.0
stack_1,033_009,14.0
stack_1,055_009,4.0
stack_1,054_012,4.0
stack_1,053_014,3.0
stack_1,052_015,1.0
stack_1,051_016,6.0
stack_1,050_015,1.0
stack_1,032_003,10.0
stack_1,048_010,1.0
stack_1,047_002,4.0
stack_1,046_010,3.0
stack_1,045_015,1.0
stack_1,049_008,1.0
stack_1,043_015,9.0
stack_1,042_006,1.0
stack_1,041_006,2.0
stack_1,040_005,8.0
stack_1,039_005,4.0
stack_1,038_012,7.0
stack_1,037_008,3.0
stack_1,036_010,
stack_1,035_004,3.0
stack_1,034_003,3.0
stack_1,044_016,7.0
stack_1,074_004,10.0
stack_1,075_015,14.0
stack_1,076_012,8.0
stack_1,077_028,1.0
stack_1,082_022,2.0
stack_1,079_030,5.0
stack_1,080_024,
stack_1,081_015,5.0
stack_1,078_030,3.0
stack_1,073_017,18.0
stack_1,061_002,4.0
stack_1,071_008,1.0
stack_1,070_021,16.0
stack_1,069_024,23.0
stack_1,068_025,23.0
stack_1,067_075,2.0
stack_1,066_008,5.0
stack_1,065_003,12.0
stack_1,064_001,6.0
stack_1,063_005,2.0
stack_1,062_003,1.0
stack_1,083_031,30.0
stack_1,072_017,16.0
stack_1,084_007,3.0
stack_1,096_032,14.0
stack_1,086_028,
stack_1,060_006,5.0
stack_1,108_016,78.0
stack_1,107_005,29.0
stack_1,106_021,42.0
stack_1,105_014,32.0
stack_1,104_002,19.0
stack_1,103_003,29.0
stack_1,102_024,20.0
stack_1,101_021,24.0
stack_1,100_012,16.0
stack_1,085_008,26.0
stack_1,099_033,19.0
stack_1,097_024,18.0
stack_1,095_023,1.0
stack_1,094_009,27.0
stack_1,093_029,30.0
stack_1,092_009,4.0
stack_1,091_029,1.0
stack_1,090_020,17.0
stack_1,089_019,20.0
stack_1,088_029,23.0
stack_1,087_024,13.0
stack_1,098_027,16.0
stack_1,109_016,30.0
stack_1,059_015,7.0
stack_1,057_006,1.0
stack_1,029_006,9.0
stack_1,028_004,7.0
stack_1,027_006,4.0
stack_1,026_003,2.0
stack_1,025_006,2.0
stack_1,024_001,2.0
stack_1,023_003,6.0
stack_1,022_006,6.0
stack_1,021_004,2.0
stack_1,019_002,5.0
stack_1,030_009,15.0
stack_1,018_006,2.0
stack_1,016_006,7.0
stack_1,015_008,2.0
stack_1,014_002,8.0
stack_1,013_003,6.0
stack_1,012_004,1.0
stack_1,011_002,7.0
stack_1,010_005,4.0
stack_1,009_002,4.0
stack_1,008_003,4.0
stack_1,058_003,4.0
stack_1,017_008,4.0
stack_1,031_008,14.0
stack_1,020_004,3.0
stack_1,033_009,14.0
stack_1,032_003,10.0
stack_1,055_009,4.0
stack_1,054_012,4.0
stack_1,053_014,3.0
stack_1,052_015,1.0
stack_1,051_016,6.0
stack_1,050_015,1.0
stack_1,049_008,1.0
stack_1,048_010,1.0
stack_1,047_002,4.0
stack_1,046_010,3.0
stack_1,045_015,1.0
stack_1,056_006,1.0
stack_1,034_003,3.0
stack_1,043_015,9.0
stack_1,042_006,1.0
stack_1,041_006,2.0
stack_1,040_005,8.0
stack_1,039_005,4.0
stack_1,038_012,7.0
stack_1,037_008,3.0
stack_1,036_010,
stack_1,035_004,3.0
stack_1,044_016,7.0
stack_1,075_026,20.0
stack_1,076_015,6.0
stack_1,077_027,8.0
stack_1,078_020,8.0
stack_1,083_029,14.0
stack_1,080_032,3.0
stack_1,081_012,4.0
stack_1,082_027,9.0
stack_1,074_011,16.0
stack_1,079_031,11.0
stack_1,073_024,22.0
stack_1,067_024,8.0
stack_1,071_018,10.0
stack_1,070_019,17.0
stack_1,069_011,22.0
stack_1,068_016,21.0
stack_1,066_019,8.0
stack_1,065_020,18.0
stack_1,064_005,11.0
stack_1,063_011,14.0
stack_1,062_001,9.0
stack_1,061_009,2.0
stack_1,072_010,19.0
stack_1,084_027,4.0
stack_1,060_010,7.0
stack_1,086_027,
stack_1,109_014,22.0
stack_1,108_031,35.0
stack_1,107_017,22.0
stack_1,106_027,36.0
stack_1,105_018,30.0
stack_1,104_009,30.0
stack_1,103_032,26.0
stack_1,102_028,9.0
stack_1,101_018,16.0
stack_1,100_022,7.0
stack_1,099_008,20.0
stack_1,098_025,24.0
stack_1,097_031,9.0
stack_1,096_024,5.0
stack_1,095_029,11.0
stack_1,094_028,18.0
stack_1,093_031,26.0
stack_1,092_029,7.0
stack_1,091_031,5.0
stack_1,090_032,5.0
stack_1,089_031,10.0
stack_1,088_027,11.0
stack_1,087_030,
stack_1,085_025,24.0
stack_1,059_005,3.0
stack_1,015_004,3.0
stack_1,057_001,5.0
stack_1,030_014,13.0
stack_1,029_013,
stack_1,028_009,10.0
stack_1,027_001,2.0
stack_1,026_006,9.0
stack_1,025_002,3.0
stack_1,024_008,8.0
stack_1,023_007,5.0
stack_1,022_008,8.0
stack_1,021_005,3.0
stack_1,031_014,10.0
stack_1,020_003,4.0
stack_1,018_004,3.0
stack_1,017_002,3.0
stack_1,016_005,1.0
stack_1,058_007,1.0
stack_1,014_004,1.0
stack_1,013_005,1.0
stack_1,012_006,3.0
stack_1,011_006,1.0
stack_1,010_004,1.0
stack_1,009_003,3.0
stack_1,019_006,8.0
stack_1,032_010,8.0
stack_1,008_007,8.0
stack_1,034_009,1.0
stack_1,056_016,4.0
stack_1,055_001,2.0
stack_1,054_005,3.0
stack_1,053_009,5.0
stack_1,052_013,5.0
stack_1,051_014,15.0
stack_1,033_013,12.0
stack_1,049_012,4.0
stack_1,048_006,5.0
stack_1,047_010,14.0
stack_1,046_012,14.0
stack_1,050_008,4.0
stack_1,044_012,14.0
stack_1,043_013,16.0
stack_1,042_013,5.0
stack_1,041_009,5.0
stack_1,040_011,14.0
stack_1,039_010,1.0
stack_1,038_015,16.0
stack_1,037_002,1.0
stack_1,036_005,
stack_1,035_009,14.0
stack_1,045_003,3.0
stack_1,075_030,24.0
stack_1,076_002,5.0
stack_1,077_004,9.0
stack_1,078_006,9.0
stack_1,083_009,8.0
stack_1,080_010,
stack_1,081_006,1.0
stack_1,082_003,8.0
stack_1,079_001,12.0
stack_1,074_028,24.0
stack_1,062_001,9.0
stack_1,072_016,25.0
stack_1,071_014,14.0
stack_1,070_016,12.0
stack_1,069_022,21.0
stack_1,068_018,20.0
stack_1,067_021,7.0
stack_1,066_019,8.0
stack_1,065_020,18.0
stack_1,064_005,11.0
stack_1,063_011,14.0
stack_1,084_008,1.0
stack_1,073_009,28.0
stack_1,085_026,19.0
stack_1,097_030,2.0
stack_1,087_003,5.0
stack_1,061_009,2.0
stack_1,109_012,18.0
stack_1,108_024,49.0
stack_1,107_023,21.0
stack_1,106_025,35.0
stack_1,105_011,35.0
stack_1,104_017,34.0
stack_1,103_025,21.0
stack_1,102_015,2.0
stack_1,101_003,6.0
stack_1,086_002,8.0
stack_1,100_007,5.0
stack_1,098_026,27.0
stack_1,096_017,1.0
stack_1,095_008,12.0
stack_1,094_003,9.0
stack_1,093_021,27.0
stack_1,092_028,1.0
stack_1,091_016,4.0
stack_1,090_008,2.0
stack_1,089_025,3.0
stack_1,088_005,4.0
stack_1,099_002,17.0
stack_1,060_010,7.0
stack_1,059_005,3.0
stack_1,008_007,8.0
stack_1,030_014,13.0
stack_1,029_013,
stack_1,028_009,10.0
stack_1,027_001,2.0
stack_1,026_006,9.0
stack_1,025_002,3.0
stack_1,024_008,8.0
stack_1,023_007,5.0
stack_1,022_008,8.0
stack_1,020_003,4.0
stack_1,031_014,10.0
stack_1,019_006,8.0
stack_1,017_002,3.0
stack_1,016_005,1.0
stack_1,015_004,3.0
stack_1,014_004,1.0
stack_1,013_005,1.0
stack_1,012_006,3.0
stack_1,011_006,1.0
stack_1,010_004,1.0
stack_1,009_003,3.0
stack_1,058_007,1.0
stack_1,018_004,3.0
stack_1,032_010,8.0
stack_1,021_005,3.0
stack_1,034_009,1.0
stack_1,033_013,12.0
stack_1,056_016,4.0
stack_1,055_001,2.0
stack_1,054_005,3.0
stack_1,053_009,5.0
stack_1,052_013,5.0
stack_1,051_014,15.0
stack_1,050_008,4.0
stack_1,049_012,4.0
stack_1,048_006,5.0
stack_1,047_010,14.0
stack_1,046_012,14.0
stack_1,057_001,5.0
stack_1,035_009,14.0
stack_1,044_012,14.0
stack_1,043_013,16.0
stack_1,042_013,5.0
stack_1,041_009,5.0
stack_1,040_011,14.0
stack_1,039_010,1.0
stack_1,038_015,16.0
stack_1,037_002,1.0
stack_1,036_005,
stack_1,045_003,3.0
stack_1,075_010,31.0
stack_1,076_010,28.0
stack_1,077_030,22.0
stack_1,078_011,27.0
stack_1,083_002,24.0
stack_1,080_007,6.0
stack_1,081_003,20.0
stack_1,082_010,24.0
stack_1,074_018,31.0
stack_1,079_018,28.0
stack_1,073_019,30.0
stack_1,067_018,11.0
stack_1,071_010,19.0
stack_1,070_010,2.0
stack_1,069_013,6.0
stack_1,068_010,7.0
stack_1,066_018,11.0
stack_1,065_010,15.0
stack_1,064_020,9.0
stack_1,063_012,16.0
stack_1,062_006,11.0
stack_1,061_013,5.0
stack_1,072_015,30.0
stack_1,084_003,17.0
stack_1,060_001,6.0
stack_1,086_022,
stack_1,109_038,80.0
stack_1,108_022,46.0
stack_1,107_033,59.0
stack_1,106_020,28.0
stack_1,105_034,2.0
stack_1,104_019,11.0
stack_1,103_022,41.0
stack_1,102_031,30.0
stack_1,101_032,31.0
stack_1,100_028,31.0
stack_1,099_025,34.0
stack_1,098_011,2.0
stack_1,097_015,25.0
stack_1,096_002,22.0
stack_1,095_004,6.0
stack_1,094_024,30.0
stack_1,093_003,6.0
stack_1,092_007,5.0
stack_1,091_002,11.0
stack_1,090_001,27.0
stack_1,089_022,26.0
stack_1,088_023,27.0
stack_1,087_005,25.0
stack_1,085_018,3.0
stack_1,059_009,2.0
stack_1,058_016,3.0
stack_1,057_011,8.0
stack_1,030_012,12.0
stack_1,029_008,1.0
stack_1,028_009,10.0
stack_1,027_001,2.0
stack_1,026_006,9.0
stack_1,025_002,3.0
stack_1,024_008,8.0
stack_1,023_007,5.0
stack_1,022_008,8.0
stack_1,020_003,4.0
stack_1,031_012,9.0
stack_1,019_006,8.0
stack_1,017_002,3.0
stack_1,016_005,1.0
stack_1,015_004,3.0
stack_1,014_004,1.0
stack_1,013_005,1.0
stack_1,012_006,3.0
stack_1,011_006,1.0
stack_1,010_004,1.0
stack_1,009_003,3.0
stack_1,008_007,8.0
stack_1,018_004,3.0
stack_1,032_008,3.0
stack_1,021_005,3.0
stack_1,034_005,4.0
stack_1,033_012,7.0
stack_1,055_010,6.0
stack_1,054_016,7.0
stack_1,053_002,8.0
stack_1,052_006,9.0
stack_1,051_009,14.0
stack_1,050_002,9.0
stack_1,049_007,11.0
stack_1,048_002,11.0
stack_1,047_015,15.0
stack_1,046_015,15.0
stack_1,056_002,10.0
stack_1,044_015,15.0
stack_1,045_009,7.0
stack_1,036_002,2.0
stack_1,037_005,4.0
stack_1,038_007,15.0
stack_1,039_007,3.0
stack_1,035_011,16.0
stack_1,041_003,12.0
stack_1,042_005,11.0
stack_1,043_010,15.0
stack_1,040_013,15.0
stack_1,073_016,25.0
stack_1,081_010,14.0
stack_1,080_003,2.0
stack_1,079_020,21.0
stack_1,078_028,18.0
stack_1,077_021,17.0
stack_1,076_018,19.0
stack_1,082_026,19.0
stack_1,075_008,25.0
stack_1,074_020,25.0
stack_1,072_013,27.0
stack_1,067_012,9.0
stack_1,070_011,8.0
stack_1,069_023,15.0
stack_1,068_021,18.0
stack_1,066_020,9.0
stack_1,065_010,15.0
stack_1,064_020,9.0
stack_1,063_012,16.0
stack_1,062_006,11.0
stack_1,061_013,5.0
stack_1,083_026,16.0
stack_1,071_025,15.0
stack_1,084_013,7.0
stack_1,109_004,38.0
stack_1,086_031,
stack_1,060_001,6.0
stack_1,108_026,96.0
stack_1,107_004,35.0
stack_1,106_017,43.0
stack_1,105_026,29.0
stack_1,104_023,
stack_1,103_021,37.0
stack_1,102_012,
stack_1,101_022,
stack_1,100_013,
stack_1,099_023,27.0
stack_1,098_030,3.0
stack_1,097_025,11.0
stack_1,096_014,7.0
stack_1,095_022,9.0
stack_1,094_012,25.0
stack_1,093_017,20.0
stack_1,092_006,3.0
stack_1,091_007,6.0
stack_1,090_029,13.0
stack_1,089_027,14.0
stack_1,088_028,14.0
stack_1,087_025,16.0
stack_1,085_005,10.0
stack_1,059_009,2.0
stack_1,058_016,3.0
stack_1,057_011,8.0
stack_1,030_012,12.0
stack_1,029_008,1.0
stack_1,028_009,10.0
stack_1,027_001,2.0
stack_1,026_006,9.0
stack_1,025_002,3.0
stack_1,024_008,8.0
stack_1,023_007,5.0
stack_1,022_008,8.0
stack_1,021_005,3.0
stack_1,031_012,9.0
stack_1,020_003,4.0
stack_1,018_004,3.0
stack_1,017_002,3.0
stack_1,016_005,1.0
stack_1,015_004,3.0
stack_1,014_004,1.0
stack_1,013_005,1.0
stack_1,012_006,3.0
stack_1,011_006,1.0
stack_1,010_004,1.0
stack_1,009_003,3.0
stack_1,019_006,8.0
stack_1,032_008,3.0
stack_1,008_007,8.0
stack_1,034_005,4.0
stack_1,056_002,10.0
stack_1,055_010,6.0
stack_1,054_016,7.0
stack_1,053_002,8.0
stack_1,052_006,9.0
stack_1,051_009,14.0
stack_1,033_012,7.0
stack_1,049_007,11.0
stack_1,048_002,11.0
stack_1,047_015,15.0
stack_1,046_015,15.0
stack_1,050_002,9.0
stack_1,044_015,15.0
stack_1,043_010,15.0
stack_1,042_005,11.0
stack_1,041_003,12.0
stack_1,040_013,15.0
stack_1,039_007,3.0
stack_1,038_007,15.0
stack_1,037_005,4.0
stack_1,036_002,2.0
stack_1,035_011,16.0
stack_1,045_009,7.0
stack_1,075_027,7.0
stack_1,076_027,26.0
stack_1,077_001,20.0
stack_1,078_007,21.0
stack_1,083_019,
stack_1,080_011,28.0
stack_1,081_023,30.0
stack_1,082_018,20.0
stack_1,079_006,16.0
stack_1,074_023,11.0
stack_1,062_007,6.0
stack_1,072_025,9.0
stack_1,071_022,6.0
stack_1,070_023,11.0
stack_1,069_001,7.0
stack_1,068_001,8.0
stack_1,067_003,12.0
stack_1,066_001,7.0
stack_1,065_002,1.0
stack_1,064_002,4.0
stack_1,063_002,5.0
stack_1,084_028,30.0
stack_1,073_021,5.0
stack_1,085_002,16.0
stack_1,097_018,27.0
stack_1,087_013,19.0
stack_1,061_005,15.0
stack_1,109_010,8.0
stack_1,108_003,4.0
stack_1,107_006,6.0
stack_1,106_019,3.0
stack_1,105_019,5.0
stack_1,104_008,5.0
stack_1,103_010,4.0
stack_1,102_005,26.0
stack_1,101_028,18.0
stack_1,086_023,27.0
stack_1,100_015,24.0
stack_1,098_014,18.0
stack_1,096_027,28.0
stack_1,095_005,25.0
stack_1,094_025,15.0
stack_1,093_002,10.0
stack_1,092_032,31.0
stack_1,091_023,29.0
stack_1,090_031,26.0
stack_1,089_023,23.0
stack_1,088_020,21.0
stack_1,099_020,12.0
stack_1,060_007,9.0
stack_1,059_008,12.0
stack_1,058_010,16.0
stack_1,030_001,8.0
stack_1,029_001,8.0
stack_1,028_002,6.0
stack_1,027_005,8.0
stack_1,026_010,1.0
stack_1,025_003,4.0
stack_1,024_004,1.0
stack_1,023_002,8.0
stack_1,022_003,2.0
stack_1,021_008,6.0
stack_1,031_001,11.0
stack_1,020_008,1.0
stack_1,018_008,5.0
stack_1,017_007,2.0
stack_1,016_008,4.0
stack_1,015_006,5.0
stack_1,014_008,4.0
stack_1,013_004,7.0
stack_1,012_007,4.0
stack_1,011_008,4.0
stack_1,010_008,8.0
stack_1,009_008,8.0
stack_1,019_008,6.0
stack_1,032_001,2.0
stack_1,008_004,6.0
stack_1,034_012,13.0
stack_1,057_016,11.0
stack_1,056_004,9.0
stack_1,055_003,17.0
stack_1,054_010,15.0
stack_1,053_001,13.0
stack_1,052_012,8.0
stack_1,033_001,1.0
stack_1,050_016,12.0
stack_1,049_009,8.0
stack_1,048_008,8.0
stack_1,047_006,2.0
stack_1,051_002,1.0
stack_1,045_016,13.0
stack_1,046_001,2.0
stack_1,036_016,
stack_1,037_016,14.0
stack_1,038_013,4.0
stack_1,039_016,14.0
stack_1,035_014,12.0
stack_1,041_013,10.0
stack_1,042_012,10.0
stack_1,043_005,2.0
stack_1,044_001,2.0
stack_1,040_004,5.0
stack_1,082_025,14.0
stack_1,081_016,27.0
stack_1,080_002,22.0
stack_1,079_009,10.0
stack_1,078_016,14.0
stack_1,077_012,12.0
stack_1,076_030,23.0
stack_1,075_024,3.0
stack_1,074_003,4.0
stack_1,073_007,2.0
stack_1,061_005,15.0
stack_1,071_022,6.0
stack_1,070_023,11.0
stack_1,069_001,7.0
stack_1,068_001,8.0
stack_1,067_003,12.0
stack_1,066_001,7.0
stack_1,065_002,1.0
stack_1,064_002,4.0
stack_1,063_002,5.0
stack_1,062_007,6.0
stack_1,083_004,
stack_1,072_028,4.0
stack_1,084_015,28.0
stack_1,097_007,22.0
stack_1,086_007,18.0
stack_1,060_007,9.0
stack_1,109_011,2.0
stack_1,108_002,2.0
stack_1,107_011,2.0
stack_1,106_010,5.0
stack_1,105_001,
stack_1,104_027,4.0
stack_1,103_007,2.0
stack_1,102_009,19.0
stack_1,101_012,15.0
stack_1,100_004,14.0
stack_1,099_007,3.0
stack_1,098_023,17.0
stack_1,096_012,26.0
stack_1,095_013,18.0
stack_1,094_010,11.0
stack_1,093_025,15.0
stack_1,092_020,32.0
stack_1,091_020,25.0
stack_1,090_012,23.0
stack_1,089_002,22.0
stack_1,088_004,24.0
stack_1,087_010,22.0
stack_1,085_010,21.0
stack_1,059_008,12.0
stack_1,058_010,16.0
stack_1,057_016,11.0
stack_1,030_001,8.0
stack_1,029_001,8.0
stack_1,028_002,6.0
stack_1,027_005,8.0
stack_1,026_010,1.0
stack_1,025_003,4.0
stack_1,024_004,1.0
stack_1,023_002,8.0
stack_1,022_003,2.0
stack_1,020_008,1.0
stack_1,031_001,11.0
stack_1,019_008,6.0
stack_1,017_007,2.0
stack_1,016_008,4.0
stack_1,015_006,5.0
stack_1,014_008,4.0
stack_1,013_004,7.0
stack_1,012_007,4.0
stack_1,011_008,4.0
stack_1,010_008,8.0
stack_1,009_008,8.0
stack_1,008_004,6.0
stack_1,018_008,5.0
stack_1,032_001,2.0
stack_1,021_008,6.0
stack_1,034_012,13.0
stack_1,033_001,1.0
stack_1,055_003,17.0
stack_1,054_010,15.0
stack_1,053_001,13.0
stack_1,052_012,8.0
stack_1,051_002,1.0
stack_1,050_016,12.0
stack_1,049_009,8.0
stack_1,048_008,8.0
stack_1,047_006,2.0
stack_1,046_001,2.0
stack_1,056_004,9.0
stack_1,044_001,2.0
stack_1,045_016,13.0
stack_1,036_016,
stack_1,037_016,14.0
stack_1,038_013,4.0
stack_1,039_016,14.0
stack_1,035_014,12.0
stack_1,041_013,10.0
stack_1,042_012,10.0
stack_1,043_005,2.0
stack_1,040_004,5.0
stack_1,073_002,9.0
stack_1,081_011,32.0
stack_1,080_018,31.0
stack_1,079_027,25.0
stack_1,078_032,25.0
stack_1,077_026,16.0
stack_1,076_013,29.0
stack_1,082_024,27.0
stack_1,075_001,15.0
stack_1,074_001,17.0
stack_1,072_001,20.0
stack_1,067_001,6.0
stack_1,070_001,3.0
stack_1,069_002,1.0
stack_1,068_004,3.0
stack_1,066_006,2.0
stack_1,065_005,2.0
stack_1,064_004,1.0
stack_1,063_006,
stack_1,062_004,5.0
stack_1,061_004,13.0
stack_1,083_015,17.0
stack_1,071_001,4.0
stack_1,084_017,32.0
stack_1,109_001,16.0
stack_1,086_030,12.0
stack_1,060_002,2.0
stack_1,108_005,6.0
stack_1,107_014,13.0
stack_1,106_008,6.0
stack_1,105_022,4.0
stack_1,104_012,1.0
stack_1,103_012,8.0
stack_1,102_030,31.0
stack_1,101_026,28.0
stack_1,100_021,29.0
stack_1,099_009,16.0
stack_1,098_005,8.0
stack_1,097_029,32.0
stack_1,096_029,32.0
stack_1,095_007,16.0
stack_1,094_007,20.0
stack_1,093_026,7.0
stack_1,092_021,28.0
stack_1,091_025,27.0
stack_1,090_028,31.0
stack_1,089_030,31.0
stack_1,088_031,30.0
stack_1,087_021,29.0
stack_1,085_006,6.0
stack_1,058_005,11.0
stack_1,045_002,11.0
stack_1,057_014,7.0
stack_1,029_001,8.0
stack_1,028_002,6.0
stack_1,027_005,8.0
stack_1,026_010,1.0
stack_1,025_003,4.0
stack_1,024_004,1.0
stack_1,023_002,8.0
stack_1,022_003,2.0
stack_1,020_008,1.0
stack_1,019_008,6.0
stack_1,030_001,8.0
stack_1,018_008,5.0
stack_1,016_008,4.0
stack_1,015_006,5.0
stack_1,014_008,4.0
stack_1,013_004,7.0
stack_1,012_007,4.0
stack_1,011_008,4.0
stack_1,010_008,8.0
stack_1,009_008,8.0
stack_1,008_004,6.0
stack_1,059_003,5.0
stack_1,017_007,2.0
stack_1,031_001,11.0
stack_1,021_008,6.0
stack_1,033_001,1.0
stack_1,056_008,13.0
stack_1,032_001,2.0
stack_1,054_014,16.0
stack_1,053_013,16.0
stack_1,052_010,10.0
stack_1,051_010,3.0
stack_1,050_006,13.0
stack_1,049_002,9.0
stack_1,048_014,9.0
stack_1,047_003,12.0
stack_1,046_014,11.0
stack_1,055_011,16.0
stack_1,035_014,12.0
stack_1,044_006,10.0
stack_1,036_015,12.0
stack_1,037_011,11.0
stack_1,038_005,11.0
stack_1,039_011,11.0
stack_1,034_012,13.0
stack_1,041_014,16.0
stack_1,042_015,16.0
stack_1,043_011,10.0
stack_1,040_010,13.0
stack_1,082_030,15.0
stack_1,073_002,9.0
stack_1,081_030,21.0
stack_1,080_009,
stack_1,079_032,20.0
stack_1,078_031,23.0
stack_1,077_026,16.0
stack_1,076_013,29.0
stack_1,075_001,15.0
stack_1,074_001,17.0
stack_1,061_004,13.0
stack_1,068_004,3.0
stack_1,071_001,4.0
stack_1,070_001,3.0
stack_1,069_002,1.0
stack_1,067_001,6.0
stack_1,066_006,2.0
stack_1,065_005,2.0
stack_1,064_004,1.0
stack_1,063_006,
stack_1,062_004,5.0
stack_1,083_020,32.0
stack_1,072_001,20.0
stack_1,084_030,19.0
stack_1,108_007,21.0
stack_1,086_012,2.0
stack_1,109_030,33.0
stack_1,060_002,2.0
stack_1,107_019,30.0
stack_1,106_016,21.0
stack_1,105_023,6.0
stack_1,104_006,7.0
stack_1,103_024,27.0
stack_1,102_017,32.0
stack_1,101_013,30.0
stack_1,100_023,30.0
stack_1,099_031,29.0
stack_1,098_015,4.0
stack_1,097_022,30.0
stack_1,096_028,29.0
stack_1,095_001,3.0
stack_1,094_016,32.0
stack_1,093_014,16.0
stack_1,092_026,11.0
stack_1,091_024,9.0
stack_1,090_013,30.0
stack_1,089_012,30.0
stack_1,088_018,32.0
stack_1,087_020,32.0
stack_1,085_023,11.0
stack_1,059_003,5.0
stack_1,045_002,11.0
stack_1,057_014,7.0
stack_1,029_001,8.0
stack_1,028_002,6.0
stack_1,027_005,8.0
stack_1,026_010,1.0
stack_1,025_003,4.0
stack_1,024_004,1.0
stack_1,023_002,8.0
stack_1,022_003,2.0
stack_1,021_008,6.0
stack_1,058_005,11.0
stack_1,030_001,8.0
stack_1,019_008,6.0
stack_1,017_007,2.0
stack_1,016_008,4.0
stack_1,015_006,5.0
stack_1,014_008,4.0
stack_1,013_004,7.0
stack_1,012_007,4.0
stack_1,011_008,4.0
stack_1,010_008,8.0
stack_1,009_008,8.0
stack_1,008_004,6.0
stack_1,018_008,5.0
stack_1,031_001,11.0
stack_1,020_008,1.0
stack_1,033_001,1.0
stack_1,032_001,2.0
stack_1,056_008,13.0
stack_1,055_011,16.0
stack_1,054_014,16.0
stack_1,053_013,16.0
stack_1,052_010,10.0
stack_1,050_006,13.0
stack_1,049_002,9.0
stack_1,048_014,9.0
stack_1,047_003,12.0
stack_1,046_014,11.0
stack_1,051_010,3.0
stack_1,043_011,10.0
stack_1,044_006,10.0
stack_1,035_014,12.0
stack_1,036_015,12.0
stack_1,037_011,11.0
stack_1,038_005,11.0
stack_1,034_012,13.0
stack_1,040_010,13.0
stack_1,041_014,16.0
stack_1,042_015,16.0
stack_1,039_011,11.0
stack_1,073_028,
stack_1,082_032,10.0
stack_1,081_021,11.0
stack_1,080_019,4.0
stack_1,079_029,13.0
stack_1,078_024,12.0
stack_1,077_013,7.0
stack_1,076_020,16.0
stack_1,075_018,22.0
stack_1,074_031,21.0
stack_1,072_021,21.0
stack_1,083_030,27.0
stack_1,070_003,9.0
stack_1,069_008,10.0
stack_1,068_006,11.0
stack_1,067_008,5.0
stack_1,066_009,3.0
stack_1,065_007,9.0
stack_1,064_012,5.0
stack_1,063_009,10.0
stack_1,062_011,4.0
stack_1,061_006,7.0
stack_1,071_002,7.0
stack_1,084_019,11.0
stack_1,060_009,3.0
stack_1,086_010,1.0
stack_1,108_023,26.0
stack_1,107_025,25.0
stack_1,106_023,27.0
stack_1,105_003,8.0
stack_1,104_018,17.0
stack_1,103_017,25.0
stack_1,102_011,25.0
stack_1,101_020,26.0
stack_1,100_020,23.0
stack_1,099_019,24.0
stack_1,098_021,14.0
stack_1,097_011,23.0
stack_1,096_007,18.0
stack_1,095_017,5.0
stack_1,094_014,28.0
stack_1,093_028,23.0
stack_1,092_015,9.0
stack_1,091_010,7.0
stack_1,090_019,22.0
stack_1,109_019,28.0
stack_1,089_024,24.0
stack_1,088_021,25.0
stack_1,087_031,27.0
stack_1,085_014,20.0
stack_1,059_006,4.0
stack_1,027_008,6.0
stack_1,057_010,4.0
stack_1,030_011,11.0
stack_1,029_011,2.0
stack_1,028_001,8.0
stack_1,026_002,4.0
stack_1,025_001,5.0
stack_1,024_006,4.0
stack_1,023_001,7.0
stack_1,022_005,4.0
stack_1,021_007,5.0
stack_1,019_007,7.0
stack_1,031_006,12.0
stack_1,018_002,7.0
stack_1,016_001,2.0
stack_1,015_005,6.0
stack_1,014_007,2.0
stack_1,013_001,2.0
stack_1,012_001,6.0
stack_1,011_001,2.0
stack_1,010_002,6.0
stack_1,009_006,7.0
stack_1,008_005,7.0
stack_1,058_006,5.0
stack_1,017_005,1.0
stack_1,032_015,6.0
stack_1,020_006,2.0
stack_1,034_014,5.0
stack_1,033_011,5.0
stack_1,055_004,8.0
stack_1,054_006,9.0
stack_1,053_007,11.0
stack_1,052_011,7.0
stack_1,051_012,7.0
stack_1,050_012,6.0
stack_1,049_015,6.0
stack_1,048_016,6.0
stack_1,047_012,10.0
stack_1,046_011,10.0
stack_1,056_012,7.0
stack_1,044_011,12.0
stack_1,045_014,4.0
stack_1,036_012,4.0
stack_1,037_009,5.0
stack_1,038_008,12.0
stack_1,039_006,5.0
stack_1,035_005,13.0
stack_1,041_007,9.0
stack_1,042_007,9.0
stack_1,043_012,12.0
stack_1,040_007,12.0
stack_1,073_031,20.0
stack_1,081_005,22.0
stack_1,080_017,16.0
stack_1,079_024,19.0
stack_1,078_027,20.0
stack_1,077_009,19.0
stack_1,076_029,22.0
stack_1,082_020,23.0
stack_1,075_021,19.0
stack_1,074_022,20.0
stack_1,072_021,21.0
stack_1,067_008,5.0
stack_1,070_003,9.0
stack_1,069_008,10.0
stack_1,068_006,11.0
stack_1,066_009,3.0
stack_1,065_007,9.0
stack_1,064_012,5.0
stack_1,063_009,10.0
stack_1,062_011,4.0
stack_1,061_006,7.0
stack_1,083_012,21.0
stack_1,071_002,7.0
stack_1,084_001,23.0
stack_1,109_017,21.0
stack_1,086_009,17.0
stack_1,060_009,3.0
stack_1,108_017,18.0
stack_1,107_021,20.0
stack_1,106_036,13.0
stack_1,105_013,15.0
stack_1,104_028,14.0
stack_1,103_023,20.0
stack_1,102_020,23.0
stack_1,101_031,22.0
stack_1,100_031,21.0
stack_1,099_004,22.0
stack_1,098_031,12.0
stack_1,097_023,26.0
stack_1,096_009,25.0
stack_1,095_002,17.0
stack_1,094_006,22.0
stack_1,093_008,12.0
stack_1,092_010,19.0
stack_1,091_019,21.0
stack_1,090_017,25.0
stack_1,089_015,25.0
stack_1,088_016,22.0
stack_1,087_008,21.0
stack_1,085_013,13.0
stack_1,059_006,4.0
stack_1,058_006,5.0
stack_1,057_010,4.0
stack_1,030_011,11.0
stack_1,029_011,2.0
stack_1,028_001,8.0
stack_1,027_008,6.0
stack_1,026_002,4.0
stack_1,025_001,5.0
stack_1,024_006,4.0
stack_1,023_001,7.0
stack_1,022_005,4.0
stack_1,021_007,5.0
stack_1,031_006,12.0
stack_1,020_006,2.0
stack_1,018_002,7.0
stack_1,017_005,1.0
stack_1,016_001,2.0
stack_1,015_005,6.0
stack_1,014_007,2.0
stack_1,013_001,2.0
stack_1,012_001,6.0
stack_1,011_001,2.0
stack_1,010_002,6.0
stack_1,009_006,7.0
stack_1,019_007,7.0
stack_1,032_015,6.0
stack_1,008_005,7.0
stack_1,034_014,5.0
stack_1,056_012,7.0
stack_1,055_004,8.0
stack_1,054_006,9.0
stack_1,053_007,11.0
stack_1,052_011,7.0
stack_1,051_012,7.0
stack_1,033_011,5.0
stack_1,049_015,6.0
stack_1,048_016,6.0
stack_1,047_012,10.0
stack_1,046_011,10.0
stack_1,050_012,6.0
stack_1,044_011,12.0
stack_1,043_012,12.0
stack_1,042_007,9.0
stack_1,041_007,9.0
stack_1,040_007,12.0
stack_1,039_006,5.0
stack_1,038_008,12.0
stack_1,037_009,5.0
stack_1,036_012,4.0
stack_1,035_005,13.0
stack_1,045_014,4.0
stack_1,075_019,29.0
stack_1,076_026,32.0
stack_1,077_031,25.0
stack_1,078_019,30.0
stack_1,083_016,29.0
stack_1,080_006,
stack_1,081_013,29.0
stack_1,082_023,29.0
stack_1,079_025,31.0
stack_1,074_030,29.0
stack_1,062_002,8.0
stack_1,072_029,28.0
stack_1,071_015,8.0
stack_1,070_002,1.0
stack_1,069_004,3.0
stack_1,068_002,5.0
stack_1,067_002,3.0
stack_1,066_011,1.0
stack_1,065_008,7.0
stack_1,064_003,2.0
stack_1,063_003,18.0
stack_1,084_002,26.0
stack_1,073_030,27.0
stack_1,085_028,2.0
stack_1,097_027,31.0
stack_1,087_011,30.0
stack_1,061_001,10.0
stack_1,109_027,40.0
stack_1,108_004,14.0
stack_1,107_028,31.0
stack_1,106_007,11.0
stack_1,105_021,1.0
stack_1,104_004,2.0
stack_1,103_008,24.0
stack_1,102_025,33.0
stack_1,101_024,32.0
stack_1,086_014,6.0
stack_1,100_024,32.0
stack_1,098_009,1.0
stack_1,096_030,31.0
stack_1,095_012,7.0
stack_1,094_017,31.0
stack_1,093_016,3.0
stack_1,092_016,17.0
stack_1,091_006,20.0
stack_1,090_026,32.0
stack_1,089_016,32.0
stack_1,088_030,31.0
stack_1,099_014,31.0
stack_1,060_004,1.0
stack_1,059_004,1.0
stack_1,008_005,7.0
stack_1,030_008,16.0
stack_1,029_007,
stack_1,028_001,8.0
stack_1,027_008,6.0
stack_1,026_002,4.0
stack_1,025_001,5.0
stack_1,024_006,4.0
stack_1,023_001,7.0
stack_1,022_005,4.0
stack_1,021_007,5.0
stack_1,031_010,13.0
stack_1,020_006,2.0
stack_1,018_002,7.0
stack_1,017_005,1.0
stack_1,016_001,2.0
stack_1,015_005,6.0
stack_1,014_007,2.0
stack_1,013_001,2.0
stack_1,012_001,6.0
stack_1,011_001,2.0
stack_1,010_002,6.0
stack_1,009_006,7.0
stack_1,019_007,7.0
stack_1,032_004,1.0
stack_1,058_001,6.0
stack_1,034_002,10.0
stack_1,057_002,6.0
stack_1,056_009,11.0
stack_1,055_014,11.0
stack_1,054_001,12.0
stack_1,053_015,15.0
stack_1,052_003,11.0
stack_1,033_015,2.0
stack_1,050_011,10.0
stack_1,049_006,10.0
stack_1,048_007,10.0
stack_1,047_007,16.0
stack_1,051_004,9.0
stack_1,045_001,8.0
stack_1,046_013,16.0
stack_1,036_006,5.0
stack_1,037_004,7.0
stack_1,038_016,14.0
stack_1,039_008,6.0
stack_1,035_013,17.0
stack_1,041_012,15.0
stack_1,042_011,15.0
stack_1,043_004,14.0
stack_1,044_003,16.0
stack_1,040_012,16.0
stack_1,082_009,11.0
stack_1,081_009,9.0
stack_1,080_013,
stack_1,079_021,15.0
stack_1,078_023,13.0
stack_1,077_015,11.0
stack_1,076_023,18.0
stack_1,075_022,26.0
stack_1,074_029,28.0
stack_1,073_029,
stack_1,061_001,10.0
stack_1,071_015,8.0
stack_1,070_002,1.0
stack_1,069_004,3.0
stack_1,068_002,5.0
stack_1,067_002,3.0
stack_1,066_011,1.0
stack_1,065_008,7.0
stack_1,064_003,2.0
stack_1,063_003,18.0
stack_1,062_002,8.0
stack_1,083_021,26.0
stack_1,072_029,28.0
stack_1,084_004,6.0
stack_1,097_021,17.0
stack_1,086_025,5.0
stack_1,060_004,1.0
stack_1,109_028,74.0
stack_1,108_035,115.0
stack_1,107_024,42.0
stack_1,106_034,25.0
stack_1,105_005,21.0
stack_1,104_003,12.0
stack_1,103_029,31.0
stack_1,102_016,14.0
stack_1,101_019,20.0
stack_1,100_009,19.0
stack_1,099_029,30.0
stack_1,098_002,5.0
stack_1,096_026,12.0
stack_1,095_028,4.0
stack_1,094_020,29.0
stack_1,093_030,18.0
stack_1,092_019,2.0
stack_1,091_005,3.0
stack_1,090_027,18.0
stack_1,089_029,19.0
stack_1,088_022,19.0
stack_1,087_028,24.0
stack_1,085_012,14.0
stack_1,058_001,6.0
stack_1,045_001,8.0
stack_1,057_002,6.0
stack_1,029_007,
stack_1,028_001,8.0
stack_1,027_008,6.0
stack_1,026_002,4.0
stack_1,025_001,5.0
stack_1,024_006,4.0
stack_1,023_001,7.0
stack_1,022_005,4.0
stack_1,059_004,1.0
stack_1,020_006,2.0
stack_1,030_008,16.0
stack_1,019_007,7.0
stack_1,017_005,1.0
stack_1,016_001,2.0
stack_1,015_005,6.0
stack_1,014_007,2.0
stack_1,013_001,2.0
stack_1,012_001,6.0
stack_1,011_001,2.0
stack_1,010_002,6.0
stack_1,009_006,7.0
stack_1,008_005,7.0
stack_1,018_002,7.0
stack_1,031_010,13.0
stack_1,021_007,5.0
stack_1,033_015,2.0
stack_1,032_004,1.0
stack_1,055_014,11.0
stack_1,054_001,12.0
stack_1,053_015,15.0
stack_1,052_003,11.0
stack_1,051_004,9.0
stack_1,050_011,10.0
stack_1,049_006,10.0
stack_1,048_007,10.0
stack_1,047_007,16.0
stack_1,046_013,16.0
stack_1,056_009,11.0
stack_1,044_003,16.0
stack_1,035_013,17.0
stack_1,036_006,5.0
stack_1,037_004,7.0
stack_1,038_016,14.0
stack_1,034_002,10.0
stack_1,040_012,16.0
stack_1,041_012,15.0
stack_1,042_011,15.0
stack_1,043_004,14.0
stack_1,039_008,6.0
stack_1,073_012,12.0
stack_1,082_021,7.0
stack_1,081_029,3.0
stack_1,080_031,5.0
stack_1,079_010,7.0
stack_1,078_018,7.0
stack_1,077_014,10.0
stack_1,076_025,4.0
stack_1,075_009,9.0
stack_1,074_015,9.0
stack_1,072_019,8.0
stack_1,067_005,13.0
stack_1,070_024,25.0
stack_1,069_006,25.0
stack_1,068_005,22.0
stack_1,083_005,4.0
stack_1,066_004,16.0
stack_1,065_009,17.0
stack_1,064_007,19.0
stack_1,063_007,
stack_1,062_008,10.0
stack_1,061_011,3.0
stack_1,071_026,13.0
stack_1,084_011,5.0
stack_1,060_005,15.0
stack_1,086_026,11.0
stack_1,108_011,17.0
stack_1,107_003,8.0
stack_1,106_014,19.0
stack_1,105_015,25.0
stack_1,104_022,32.0
stack_1,103_006,10.0
stack_1,102_008,1.0
stack_1,101_002,2.0
stack_1,100_002,1.0
stack_1,099_003,5.0
stack_1,098_013,32.0
stack_1,097_006,1.0
stack_1,096_016,3.0
stack_1,095_026,27.0
stack_1,094_021,3.0
stack_1,093_018,29.0
stack_1,092_024,13.0
stack_1,091_028,13.0
stack_1,090_016,1.0
stack_1,109_009,7.0
stack_1,089_008,2.0
stack_1,088_007,3.0
stack_1,087_019,6.0
stack_1,085_015,30.0
stack_1,059_016,14.0
stack_1,027_002,1.0
stack_1,057_007,9.0
stack_1,030_013,
stack_1,029_014,5.0
stack_1,028_007,9.0
stack_1,026_004,5.0
stack_1,025_004,1.0
stack_1,024_002,6.0
stack_1,023_004,4.0
stack_1,022_001,7.0
stack_1,021_001,1.0
stack_1,019_005,4.0
stack_1,031_013,7.0
stack_1,018_007,1.0
stack_1,016_007,6.0
stack_1,015_002,1.0
stack_1,014_005,5.0
stack_1,013_007,5.0
stack_1,012_005,2.0
stack_1,011_005,6.0
stack_1,010_006,2.0
stack_1,009_005,1.0
stack_1,008_006,3.0
stack_1,058_014,8.0
stack_1,017_004,6.0
stack_1,032_013,15.0
stack_1,020_002,5.0
stack_1,034_008,9.0
stack_1,033_010,13.0
stack_1,055_015,3.0
stack_1,054_009,2.0
stack_1,053_011,1.0
stack_1,052_016,3.0
stack_1,051_007,11.0
stack_1,050_013,3.0
stack_1,049_016,5.0
stack_1,048_013,4.0
stack_1,047_013,3.0
stack_1,046_006,5.0
stack_1,056_014,3.0
stack_1,044_007,5.0
stack_1,045_008,5.0
stack_1,036_008,3.0
stack_1,037_015,8.0
stack_1,038_006,5.0
stack_1,039_014,9.0
stack_1,035_012,1.0
stack_1,041_015,1.0
stack_1,042_016,2.0
stack_1,043_014,5.0
stack_1,040_015,3.0
stack_1,073_027,4.0
stack_1,081_026,7.0
stack_1,080_025,10.0
stack_1,079_005,1.0
stack_1,078_009,2.0
stack_1,077_025,6.0
stack_1,076_019,3.0
stack_1,082_006,5.0
stack_1,075_031,4.0
stack_1,074_026,1.0
stack_1,072_026,3.0
stack_1,067_005,13.0
stack_1,070_024,25.0
stack_1,069_006,25.0
stack_1,068_005,22.0
stack_1,066_004,16.0
stack_1,065_009,17.0
stack_1,064_007,19.0
stack_1,063_007,
stack_1,062_008,10.0
stack_1,061_011,3.0
stack_1,083_028,13.0
stack_1,071_027,
stack_1,084_018,10.0
stack_1,109_006,3.0
stack_1,086_001,9.0
stack_1,060_005,15.0
stack_1,108_012,10.0
stack_1,107_007,5.0
stack_1,106_012,16.0
stack_1,105_030,18.0
stack_1,104_013,25.0
stack_1,103_018,7.0
stack_1,102_013,8.0
stack_1,101_023,4.0
stack_1,100_025,2.0
stack_1,099_017,2.0
stack_1,098_028,33.0
stack_1,097_010,8.0
stack_1,096_005,9.0
stack_1,095_021,22.0
stack_1,094_027,5.0
stack_1,093_010,31.0
stack_1,092_018,21.0
stack_1,091_008,16.0
stack_1,090_024,9.0
stack_1,089_028,9.0
stack_1,088_024,12.0
stack_1,087_029,12.0
stack_1,085_031,32.0
stack_1,059_016,14.0
stack_1,058_014,8.0
stack_1,057_007,9.0
stack_1,030_013,
stack_1,029_014,5.0
stack_1,028_007,9.0
stack_1,027_002,1.0
stack_1,026_004,5.0
stack_1,025_004,1.0
stack_1,024_002,6.0
stack_1,023_004,4.0
stack_1,022_001,7.0
stack_1,021_001,1.0
stack_1,031_013,7.0
stack_1,020_002,5.0
stack_1,018_007,1.0
stack_1,017_004,6.0
stack_1,016_007,6.0
stack_1,015_002,1.0
stack_1,014_005,5.0
stack_1,013_007,5.0
stack_1,012_005,2.0
stack_1,011_005,6.0
stack_1,010_006,2.0
stack_1,009_005,1.0
stack_1,019_005,4.0
stack_1,032_013,15.0
stack_1,008_006,3.0
stack_1,034_008,9.0
stack_1,033_010,13.0
stack_1,056_014,3.0
stack_1,055_015,3.0
stack_1,054_009,2.0
stack_1,053_011,1.0
stack_1,052_016,3.0
stack_1,051_007,11.0
stack_1,049_016,5.0
stack_1,048_013,4.0
stack_1,047_013,3.0
stack_1,046_006,5.0
stack_1,050_013,3.0
stack_1,044_007,5.0
stack_1,043_014,5.0
stack_1,042_016,2.0
stack_1,035_012,1.0
stack_1,041_015,1.0
stack_1,040_015,3.0
stack_1,039_014,9.0
stack_1,038_006,5.0
stack_1,037_015,8.0
stack_1,036_008,3.0
stack_1,045_008,5.0
stack_1,073_008,15.0
stack_1,074_010,7.0
stack_1,075_012,8.0
stack_1,080_012,
stack_1,077_018,3.0
stack_1,078_010,1.0
stack_1,079_011,3.0
stack_1,072_009,12.0
stack_1,076_021,2.0
stack_1,071_003,9.0
stack_1,060_013,8.0
stack_1,069_018,24.0
stack_1,068_017,24.0
stack_1,067_013,1.0
stack_1,066_013,6.0
stack_1,065_018,20.0
stack_1,064_018,14.0
stack_1,063_019,7.0
stack_1,062_018,3.0
stack_1,061_007,1.0
stack_1,081_001,2.0
stack_1,070_012,18.0
stack_1,082_008,1.0
stack_1,093_020,32.0
stack_1,084_006,2.0
stack_1,059_010,6.0
stack_1,105_008,33.0
stack_1,104_014,31.0
stack_1,103_013,19.0
stack_1,102_004,7.0
stack_1,101_017,8.0
stack_1,100_001,3.0
stack_1,099_024,8.0
stack_1,098_006,30.0
stack_1,097_017,6.0
stack_1,083_027,15.0
stack_1,096_023,2.0
stack_1,094_002,13.0
stack_1,092_004,6.0
stack_1,091_022,2.0
stack_1,090_010,3.0
stack_1,089_003,8.0
stack_1,088_002,10.0
stack_1,087_014,
stack_1,106_035,41.0
stack_1,086_005,
stack_1,085_007,29.0
stack_1,095_011,8.0
stack_1,058_011,2.0
stack_1,027_002,1.0
stack_1,056_001,2.0
stack_1,029_014,5.0
stack_1,028_007,9.0
stack_1,026_004,5.0
stack_1,025_004,1.0
stack_1,024_002,6.0
stack_1,023_004,4.0
stack_1,022_001,7.0
stack_1,021_001,1.0
stack_1,020_002,5.0
stack_1,019_005,4.0
stack_1,018_007,1.0
stack_1,017_004,6.0
stack_1,016_007,6.0
stack_1,015_002,1.0
stack_1,014_005,5.0
stack_1,013_007,5.0
stack_1,012_005,2.0
stack_1,011_005,6.0
stack_1,010_006,2.0
stack_1,008_006,3.0
stack_1,057_012,2.0
stack_1,030_015,7.0
stack_1,031_015,8.0
stack_1,009_005,1.0
stack_1,033_014,15.0
stack_1,032_014,13.0
stack_1,053_003,2.0
stack_1,052_004,2.0
stack_1,051_008,12.0
stack_1,050_003,2.0
stack_1,049_001,2.0
stack_1,048_004,2.0
stack_1,047_016,9.0
stack_1,046_005,7.0
stack_1,045_005,2.0
stack_1,054_004,1.0
stack_1,043_009,13.0
stack_1,034_001,2.0
stack_1,044_013,13.0
stack_1,035_010,4.0
stack_1,036_004,1.0
stack_1,037_003,2.0
stack_1,055_008,1.0
stack_1,039_004,
stack_1,040_016,10.0
stack_1,041_010,3.0
stack_1,042_008,3.0
stack_1,038_011,13.0
stack_1,075_005,10.0
stack_1,074_005,8.0
stack_1,073_010,14.0
stack_1,072_004,13.0
stack_1,071_023,5.0
stack_1,070_020,19.0
stack_1,069_019,18.0
stack_1,068_020,19.0
stack_1,067_011,10.0
stack_1,065_019,14.0
stack_1,064_019,13.0
stack_1,063_019,7.0
stack_1,061_007,1.0
stack_1,060_013,8.0
stack_1,059_010,6.0
stack_1,058_011,2.0
stack_1,057_012,2.0
stack_1,076_004,7.0
stack_1,056_001,2.0
stack_1,066_003,10.0
stack_1,062_018,3.0
stack_1,087_015,17.0
stack_1,078_021,5.0
stack_1,055_008,1.0
stack_1,098_003,28.0
stack_1,097_014,12.0
stack_1,096_022,10.0
stack_1,095_018,13.0
stack_1,094_015,17.0
stack_1,093_027,28.0
stack_1,092_022,15.0
stack_1,091_009,10.0
stack_1,077_002,4.0
stack_1,090_021,11.0
stack_1,088_011,17.0
stack_1,086_017,7.0
stack_1,085_011,28.0
stack_1,084_012,13.0
stack_1,083_025,18.0
stack_1,082_002,6.0
stack_1,081_022,6.0
stack_1,080_028,9.0
stack_1,079_007,4.0
stack_1,089_006,17.0
stack_1,054_004,1.0
stack_1,029_014,5.0
stack_1,052_004,2.0
stack_1,026_004,5.0
stack_1,025_004,1.0
stack_1,024_002,6.0
stack_1,023_004,4.0
stack_1,022_001,7.0
stack_1,021_001,1.0
stack_1,020_002,5.0
stack_1,019_005,4.0
stack_1,018_007,1.0
stack_1,027_002,1.0
stack_1,017_004,6.0
stack_1,015_002,1.0
stack_1,014_005,5.0
stack_1,013_007,5.0
stack_1,012_005,2.0
stack_1,011_005,6.0
stack_1,010_006,2.0
stack_1,009_005,1.0
stack_1,008_006,3.0
stack_1,099_001,9.0
stack_1,016_007,6.0
stack_1,053_003,2.0
stack_1,028_007,9.0
stack_1,031_015,8.0
stack_1,051_008,12.0
stack_1,050_003,2.0
stack_1,049_001,2.0
stack_1,048_004,2.0
stack_1,047_016,9.0
stack_1,046_005,7.0
stack_1,045_005,2.0
stack_1,044_013,13.0
stack_1,043_009,13.0
stack_1,030_015,7.0
stack_1,042_008,3.0
stack_1,040_016,10.0
stack_1,039_004,
stack_1,038_011,13.0
stack_1,037_003,2.0
stack_1,036_004,1.0
stack_1,035_010,4.0
stack_1,034_001,2.0
stack_1,033_014,15.0
stack_1,032_014,13.0
stack_1,041_010,3.0
stack_1,100_032,4.0
